{"cameraMode":{"drawMode":0,"name":"Shaded","section":"Shading Mode"},"sceneLighting":true,"audioPlay":false,"sceneViewState":{"showFog":true,"showMaterialUpdate":false,"showSkybox":true,"showFlares":true,"showImageEffects":true,"showParticleSystems":true},"in2DMode":false,"pivot":{"x":3.5471556186676027,"y":9.286940574645996,"z":-0.9675693511962891},"rotation":{"x":0.21516065299510957,"y":0.01904178224503994,"z":-0.004196167923510075,"w":0.9763842225074768},"size":16.499330520629884,"orthographic":false}